Product name,Product id,Listing price,Gender,Category,Rating,Reviews
Nike Air Force 1 '07,DD8959-113,2853.0,Hombre,Lifestyle,0.0,0.0
Nike Air Force 1 '07,CI0919-116,3091.0,Hombre,Lifestyle,0.0,0.0
Nike Air Force 1 '07 LV8,DV7449-101,3091.0,Hombre,Lifestyle,0.0,0.0
Nike Air Force 1 '07,FQ7779-100,3567.0,Hombre,Lifestyle,0.0,0.0
Nike Air Force 1 '07,DX5883-100,2853.0,Hombre,Lifestyle,0.0,0.0
Nike Air Force 1 Low By You,1992027661,3329.0,Hombre,Lifestyle,0.0,0.0
Nike Air Force 1 '07,3935537260,2853.0,Hombre,Lifestyle,0.0,0.0
Nike Air Force 1 '07 LV8,FB7582-001,3091.0,Hombre,Lifestyle,0.0,0.0
Nike Air Force 1 Luxe,DJ9946-100,3091.0,Hombre,Lifestyle,0.0,0.0
Nike Air Force 1 '07,DC9486-101,2853.0,Hombre,Lifestyle,0.0,0.0
Nike Air Force 1 '07 Fresh,CW7584-100,3091.0,Hombre,Lifestyle,0.0,0.0
Nike Air Force 1 '07,DZ4764-133,3329.0,Hombre,Lifestyle,0.0,0.0
Nike Air Force 1 '07,FD1146-100,3567.0,Hombre,Lifestyle,0.0,0.0
Nike Air Force 1 '07,FV0951-100,2853.0,Hombre,Lifestyle,0.0,0.0
Nike Air Force 1 '07 LV8,DD9625-100,3091.0,Hombre,Lifestyle,0.0,0.0
Nike Air Force 1 '07 EasyOn,FN7202-224,3329.0,Mujeres,Lifestyle,0.0,0.0
Nike Air Force 1 Low Retro,FJ4739-100,3091.0,Hombre,Lifestyle,45.0,2.0
Nike Air Force 1 '07 Next Nature,DC3584-001,3567.0,Hombre,Lifestyle,0.0,0.0
Nike Air Force 1 Low x Slam Jam,DV7454-001,2853.0,Hombre,Lifestyle,0.0,0.0
Nike Air Force 1 LV8,3584377691,3091.0,Hombre,Lifestyle,0.0,0.0
Nike Air Force 1 '07,DM7926-200,3091.0,Hombre,Lifestyle,0.0,0.0
Nike Air Force 1 Low Retro,AO1523-500,3567.0,Hombre,Lifestyle,45.0,2.0
Nike Air Force 1 '07,3028915298,2853.0,Hombre,Lifestyle,0.0,0.0
Nike Air Force 1 '07 Pro-Tech,8307445810,3091.0,Hombre,Lifestyle,0.0,0.0
Nike Air Force 1 '07,CW2288-111,3329.0,Hombre,Lifestyle,0.0,0.0
Nike Air Force 1 Shadow,DV0788-104,2853.0,Hombre,Lifestyle,48.0,20.0
Nike Air Force 1 Shadow,DZ4514-001,3329.0,Hombre,Lifestyle,48.0,20.0
Nike Air Force 1 '07,FN7804-100,3091.0,Hombre,Lifestyle,0.0,0.0
Nike Air Force 1 '07 EasyOn,FV0388-100,2853.0,Hombre,Lifestyle,0.0,0.0
Nike Air Force 1 Low By You,4020678811,3091.0,Hombre,Lifestyle,0.0,0.0
Nike Air Force 1 Low By You,DV0788-001,3329.0,Hombre,Lifestyle,0.0,0.0
Nike Air Force 1 Shadow,FV1320-100,3567.0,Hombre,Lifestyle,48.0,20.0
Nike Air Force 1 PLT.AF.ORM,DD9605-100,2853.0,Hombre,Lifestyle,0.0,0.0
Nike Air Force 1 '07 Next Nature,CT2302-100,3091.0,Hombre,Lifestyle,0.0,0.0
Nike Air Force 1 LV8,DM0211-001,3091.0,Mujeres,Lifestyle,0.0,0.0
Nike Air Force 1 '07 LV8,FV0383-100,3567.0,Hombre,Lifestyle,0.0,0.0
Nike Air Force 1 '07 EasyOn,FD0660-100,2853.0,Hombre,Lifestyle,0.0,0.0
Nike Air Force 1 '07,FJ4226-100,3091.0,Hombre,Lifestyle,0.0,0.0
Nike Air Force 1 '07 Mid,DZ2522-001,3329.0,Hombre,Lifestyle,0.0,0.0
Nike Air Force 1 High Utility 2.0,DJ3911-100,3329.0,Hombre,Lifestyle,0.0,0.0
Nike Air Force 1 Mid By You,FJ4825-100,3091.0,Hombre,Lifestyle,0.0,0.0
Nike Air Force 1 High By You,DX5590-001,2853.0,Hombre,Lifestyle,0.0,0.0
Nike Air Force 1 Wild,FQ2204-100,3329.0,Hombre,Lifestyle,0.0,0.0
Nike Air Force 1 High Original,FD7039-101,3567.0,Hombre,Lifestyle,0.0,0.0
Nike Air Force 1 Lover Wild,FQ8201-100,0.0,Hombre,Lifestyle,0.0,0.0
Nike J Force 1 Low LX SP,FB8875-002,0.0,Hombre,Lifestyle,0.0,0.0
Nike Air Max 1,FD9082-102,2853.0,Hombre,Lifestyle,0.0,0.0
Nike Air Max 1,FN7487-133,3091.0,Hombre,Lifestyle,0.0,0.0
Nike Air Max 1,FD9082-101,3091.0,Hombre,Lifestyle,0.0,0.0
Nike Air Max 1,FD9082-100,3567.0,Hombre,Lifestyle,0.0,0.0
Nike Air Max 1 Premium,FD9081-001,2853.0,Hombre,Lifestyle,0.0,0.0
Nike Air Max 1 '86 Premium,DV7525-001,3329.0,Hombre,Lifestyle,0.0,0.0
Nike Air Max 1 SC,FB9660-001,2853.0,Hombre,Lifestyle,0.0,0.0
Nike Air Max 1,DZ2628-001,3091.0,Hombre,Lifestyle,0.0,0.0
Nike Air Max 1,DZ2628-101,3091.0,Hombre,Lifestyle,0.0,0.0
Nike Air Max 1 Premium,FB8915-600,2853.0,Hombre,Lifestyle,0.0,0.0
Nike Air Max 1,DZ2628-100,3091.0,Mujeres,Lifestyle,0.0,0.0
Nike Air Max 1,FD9082-104,3329.0,Hombre,Lifestyle,0.0,0.0
Nike Air Max 1,FQ8150-133,3091.0,Hombre,Lifestyle,0.0,0.0
Nike Air Max 1 '87,DZ2628-102,3329.0,Hombre,Lifestyle,0.0,0.0
Nike Air Max 1,DV3888-600,3567.0,Hombre,Lifestyle,0.0,0.0
Nike Air Max 1,FD0827-133,2853.0,Hombre,Lifestyle,0.0,0.0
Nike Air Max 1 '87,DV3888-200,3091.0,Hombre,Lifestyle,0.0,0.0
Nike Air Max 1,FQ2538-100,3091.0,Hombre,Lifestyle,0.0,0.0
Nike Air Max 1,DZ2628-002,3567.0,Hombre,Lifestyle,0.0,0.0
Nike Air Max 1,DX2954-001,2853.0,Hombre,Lifestyle,0.0,0.0
Nike Air Max 90,FV0387-001,2853.0,Hombre,Lifestyle,0.0,0.0
Nike Air Max 90,FN8005-100,3091.0,Hombre,Lifestyle,0.0,0.0
Nike Air Max 90 GORE-TEX,FD5810-200,3091.0,Hombre,Lifestyle,0.0,0.0
Nike Air Max 90 Premium,FZ5102-299,3567.0,Hombre,Lifestyle,5.0,2.0
Nike Air Max Terrascape 90,DQ3987-101,2853.0,Hombre,Lifestyle,0.0,0.0
Nike Air Max 90,CN8490-003,3329.0,Hombre,Lifestyle,5.0,9.0
Nike Air Max 90,FB9657-001,2853.0,Hombre,Lifestyle,0.0,0.0
Nike Air Max 90,DM0029-105,3091.0,Hombre,Lifestyle,0.0,0.0
Air Max 90 LTR,CZ5594-100,3091.0,Hombre,Lifestyle,0.0,0.0
Nike Air Max 90,FN7810-001,2853.0,Hombre,Lifestyle,0.0,0.0
Nike Air Max 90,DM0029-400,3091.0,Mujeres,Lifestyle,0.0,0.0
Nike Air Max 90 By You,3916856282,3329.0,Hombre,Lifestyle,0.0,0.0
Nike Air Max 90,FV0381-001,3567.0,Hombre,Lifestyle,0.0,0.0
Nike Air Max 90,FQ2377-001,2853.0,Hombre,Lifestyle,0.0,0.0
Nike Air Max 90,FJ4229-001,3091.0,Hombre,Lifestyle,0.0,0.0
Nike Air Max Terrascape 90,DH2973-001,3329.0,Hombre,Lifestyle,0.0,0.0
Nike Air Max Terrascape 90,DV7413-014,3091.0,Hombre,Lifestyle,0.0,0.0
Nike Air Max 90,FJ4223-100,3567.0,Hombre,Lifestyle,0.0,0.0
Nike Air Max 90,DX4233-001,2853.0,Hombre,Lifestyle,0.0,0.0
Nike Air Max 90,FJ4218-002,3091.0,Hombre,Lifestyle,0.0,0.0
Nike Air Max 90,DZ3522-003,3091.0,Hombre,Lifestyle,0.0,0.0
Nike Air Max Terrascape 90,DV7413-002,3567.0,Hombre,Lifestyle,0.0,0.0
Nike Air Max Terrascape 90,DH2973-100,2853.0,Hombre,Lifestyle,0.0,0.0
Nike Air Max 90,DH8010-100,3329.0,Hombre,Lifestyle,0.0,0.0
Nike Air Max 90 GORE-TEX,FD5810-001,2853.0,Hombre,Lifestyle,0.0,0.0
Nike Air Max 90 By You,8638014579,3091.0,Hombre,Lifestyle,0.0,0.0
Nike Air Max 90 Futura,DV7190-200,3091.0,Hombre,Lifestyle,0.0,0.0
Nike Air Max 90,DH8010-003,2853.0,Hombre,Lifestyle,0.0,0.0
Nike Air Max 90,FB8570-100,3091.0,Hombre,Lifestyle,0.0,0.0
Nike Air Max 90 Futura,FN7170-133,3329.0,Hombre,Lifestyle,0.0,0.0
Nike Air Max 90 Futura,FQ8881-618,3567.0,Hombre,Lifestyle,0.0,0.0
Nike Air Max 90 Futura,DZ4708-001,2853.0,Hombre,Lifestyle,0.0,0.0
Nike Air Max 90,FB8570-101,3091.0,Hombre,Lifestyle,0.0,0.0
Nike Air Max 90 Futura,DM9922-101,3329.0,Hombre,Lifestyle,0.0,0.0
Nike Air Max 90 Futura,DM9922-104,3091.0,Mujeres,Lifestyle,0.0,0.0
Nike Air Max 90 Futura,FN7777-001,3567.0,Hombre,Lifestyle,0.0,0.0
Nike Air Max 90 Futura,DV7190-700,2853.0,Hombre,Lifestyle,0.0,0.0
Nike Air Max 90 SE,FJ4548-100,3091.0,Hombre,Lifestyle,0.0,0.0
Nike Air Max 90 Futura,DM9922-105,3091.0,Hombre,Lifestyle,0.0,0.0
Nike Air Max 90 Futura,FJ4798-100,3567.0,Hombre,Lifestyle,0.0,0.0
Nike Air Max 95,FV4710-100,2853.0,Hombre,Lifestyle,0.0,0.0
Nike Air Max 95 Essential,CI3705-001,3091.0,Hombre,Lifestyle,0.0,0.0
Nike Air Max 95,CI2298-100,3091.0,Hombre,Lifestyle,0.0,0.0
Nike Air Max 95 Ultra,FV4710-001,3567.0,Hombre,Lifestyle,0.0,0.0
Nike Air Max 95,DX4615-100,2853.0,Hombre,Lifestyle,0.0,0.0
Nike Air Max 95,DZ4496-001,3329.0,Hombre,Lifestyle,0.0,0.0
Nike Air Max 95 Unlocked By You,DM2815-001,2853.0,Hombre,Lifestyle,0.0,0.0
Nike Air Max 95,DM0011-007,3091.0,Hombre,Lifestyle,0.0,0.0
Nike Air Max 95 By Sean Cosgrove,DM0011-009,3091.0,Hombre,Lifestyle,0.0,0.0
Nike Air Max 95 By You,9887343788,2853.0,Hombre,Lifestyle,0.0,0.0
Nike Air Max 95 By PPSC,FJ4217-001,3091.0,Mujeres,Lifestyle,0.0,0.0
Nike Air Max 95 Ultra,FJ4826-001,3329.0,Hombre,Lifestyle,0.0,0.0
Nike Air Max 95 Next Nature,4491636087,3567.0,Hombre,Lifestyle,0.0,0.0
Nike Air Max 95 x Future Movement,6124601354,2853.0,Hombre,Lifestyle,0.0,0.0
Nike Air Max 95 Ultra,4345219897,3091.0,Hombre,Lifestyle,0.0,0.0
Nike Air Max 95,FN7801-001,3329.0,Hombre,Lifestyle,0.0,0.0
Nike Air Max 95 Next Nature,FJ4216-100,3091.0,Hombre,Lifestyle,0.0,0.0
Nike Air Max 95 By You,4523273907,3567.0,Hombre,Lifestyle,0.0,0.0
Nike Air Max 95,9497201522,2853.0,Hombre,Lifestyle,0.0,0.0
Nike Air Max 95,DX2955-001,3091.0,Hombre,Lifestyle,0.0,0.0
Nike Air Max 95,DH8015-100,3091.0,Hombre,Lifestyle,0.0,0.0
Nike Air Max 95 Unlocked By You,DZ4710-200,3567.0,Hombre,Lifestyle,0.0,0.0
Nike Air Max 95,FD9857-700,2853.0,Hombre,Lifestyle,0.0,0.0
Nike Air Max 97,DZ2629-001,2853.0,Hombre,Lifestyle,0.0,0.0
Nike Air Max 97,921826-101,3091.0,Hombre,Lifestyle,43.0,16.0
Nike Air Max 97,921826-202,3091.0,Hombre,Lifestyle,43.0,16.0
Nike Air Max 97 SE,FB9619-200,3567.0,Hombre,Lifestyle,45.0,2.0
Nike Air Max 97,FQ7965-400,2853.0,Hombre,Lifestyle,0.0,0.0
Nike Air Max 97,DX4235-001,3329.0,Hombre,Lifestyle,0.0,0.0
Nike Air Max 97,FB3357-001,2853.0,Hombre,Lifestyle,0.0,0.0
Nike Air Max 97,FQ2442-001,3091.0,Hombre,Lifestyle,0.0,0.0
Nike Air Max 97,921826-018,3091.0,Hombre,Lifestyle,43.0,16.0
Nike Air Max 97 By You,1585533760,2853.0,Hombre,Lifestyle,0.0,0.0
Nike Air Max 97 Futura,FB4496-001,3091.0,Mujeres,Lifestyle,0.0,0.0
Nike Air Max 97,DH8016-100,3329.0,Hombre,Lifestyle,0.0,0.0
Nike Air Max 97 Futura,FB4496-200,3567.0,Hombre,Lifestyle,0.0,0.0
Nike Air Max 97 By You,6754241528,2853.0,Hombre,Lifestyle,0.0,0.0
Nike Air Max 97 Futura,FB4496-002,3091.0,Hombre,Lifestyle,0.0,0.0
Nike Air Max 97,FB1289-200,3329.0,Hombre,Lifestyle,0.0,0.0
Nike Air Max 97,DQ9131-002,3091.0,Hombre,Lifestyle,0.0,0.0
Nike Air Max 97,DR9774-400,3567.0,Hombre,Lifestyle,0.0,0.0
Nike Air Max 97,DX0137-002,2853.0,Hombre,Lifestyle,0.0,0.0
Nike Air Max 97,FD0800-001,3091.0,Hombre,Lifestyle,0.0,0.0
Nike Air Max 97,DQ9131-700,3091.0,Hombre,Lifestyle,0.0,0.0
Nike Air Max 97,FJ1883-001,3567.0,Hombre,Lifestyle,0.0,0.0
Nike Air Max 97 SE,FJ4549-100,2853.0,Hombre,Lifestyle,45.0,2.0
Nike Air Max 97,FN0321-100,3329.0,Hombre,Lifestyle,0.0,0.0
Nike Air Max 270,AH8050-100,2853.0,Hombre,Lifestyle,38.0,81.0
Nike Air Max 270,DR8616-002,3091.0,Hombre,Lifestyle,38.0,81.0
Nike Air Max 270,FV0380-001,3091.0,Hombre,Lifestyle,0.0,0.0
Nike Air Max 270,FN7811-001,3567.0,Hombre,Lifestyle,0.0,0.0
Nike Air Max 270,FN8006-001,2853.0,Hombre,Lifestyle,0.0,0.0
Nike Air Max 270,AH6789-001,3091.0,Hombre,Lifestyle,0.0,0.0
Nike Air Max 270,AH6789-115,3329.0,Hombre,Lifestyle,0.0,0.0
Nike Air Max 270,DZ7736-001,2853.0,Hombre,Lifestyle,38.0,81.0
Nike Air Max 270,AH6789-601,3329.0,Hombre,Lifestyle,0.0,0.0
Nike Air Max 270,FD9875-100,3091.0,Hombre,Lifestyle,38.0,81.0
Nike Air Max 270,FB8485-001,2853.0,Mujeres,Lifestyle,0.0,0.0
Nike Air Max Furyosa,CZ4149-400,2853.0,Hombre,Lifestyle,0.0,0.0
Nike Air Max Furyosa,DH0531-003,3091.0,Hombre,Lifestyle,0.0,0.0
Nike Air Max Furyosa NRG,DC7350-001,3091.0,Hombre,Lifestyle,0.0,0.0
Nike Air Max Pulse x Marcus Rashford,FV0390-100,2853.0,Hombre,Lifestyle,0.0,0.0
Nike Air Max Pulse,FV6653-001,3091.0,Hombre,Lifestyle,0.0,0.0
Nike Air Max Pulse,DR0453-002,3091.0,Hombre,Lifestyle,0.0,0.0
Nike Air Max Pulse,FQ2436-001,3567.0,Hombre,Lifestyle,0.0,0.0
Nike Air Max Pulse,DR0453-100,2853.0,Hombre,Lifestyle,0.0,0.0
Nike Air Max Pulse,FN7459-002,3329.0,Hombre,Lifestyle,0.0,0.0
Nike Air Max Pulse,FD6409-101,2853.0,Hombre,Lifestyle,0.0,0.0
Nike Air Max Pulse,FD6409-002,3091.0,Hombre,Lifestyle,0.0,0.0
Nike Air Max Pulse,FD6409-001,3091.0,Hombre,Lifestyle,0.0,0.0
Nike Air Max Plus,FV0385-001,2853.0,Hombre,Lifestyle,0.0,0.0
Nike Air Max Plus 3,FV0386-001,3091.0,Hombre,Lifestyle,0.0,0.0
Nike Air Max Plus,604133-139,3091.0,Hombre,Lifestyle,0.0,0.0
Nike Air Max Plus III,CJ9684-002,3567.0,Hombre,Lifestyle,5.0,2.0
"Air Max Plus x F.C. Barcelona x Patta ""Culers del Món""",FN8260-001,2853.0,Hombre,Lifestyle,0.0,0.0
Nike Air Max Plus,CK6716-001,3091.0,Hombre,Lifestyle,0.0,0.0
Nike Air Max Plus 3,DM0032-008,3329.0,Hombre,Lifestyle,0.0,0.0
Nike Air Max Plus,AJ2029-001,2853.0,Hombre,Lifestyle,0.0,0.0
Nike Air Max Plus Utility,FD7855-001,3329.0,Hombre,Lifestyle,0.0,0.0
Nike Air Max Plus x A-COLD-WALL*,FQ2415-500,3091.0,Hombre,Lifestyle,0.0,0.0
Nike Air Max Plus,DX4326-001,2853.0,Hombre,Lifestyle,0.0,0.0
Nike Air Max Plus 3,FQ2397-100,3091.0,Hombre,Lifestyle,0.0,0.0
Nike Air Max Plus,FJ4232-200,3329.0,Hombre,Lifestyle,0.0,0.0
Nike Air Max Plus,FQ2381-001,3567.0,Hombre,Lifestyle,0.0,0.0
Nike Air Max Plus,FQ2417-001,2853.0,Hombre,Lifestyle,0.0,0.0
Nike Air Max Plus,DZ2655-001,3091.0,Mujeres,Lifestyle,0.0,0.0
Nike Air Max Terrascape Plus,CK6715-101,3091.0,Hombre,Lifestyle,0.0,0.0
Nike Air Max Plus SE,FN7806-001,3567.0,Hombre,Lifestyle,0.0,0.0
Nike Air Max Plus 3,FJ4224-001,2853.0,Hombre,Lifestyle,0.0,0.0
Nike Air Max Plus 3,DQ3977-001,3329.0,Hombre,Lifestyle,0.0,0.0
Nike Air Max Plus 3,FN7805-001,2853.0,Hombre,Lifestyle,0.0,0.0
Nike Air Max Plus,FQ2387-001,3091.0,Hombre,Lifestyle,0.0,0.0
Nike Air Max Terrascape Plus,FN7813-001,3329.0,Hombre,Lifestyle,0.0,0.0
Nike Air Max Plus,DZ3531-600,3091.0,Hombre,Lifestyle,0.0,0.0
Nike Air Max Plus,DM2362-100,2853.0,Hombre,Lifestyle,0.0,0.0
Nike Air Max Plus,FZ2770-001,3091.0,Hombre,Lifestyle,0.0,0.0
Nike Air Max Plus,DZ3670-300,3329.0,Hombre,Lifestyle,0.0,0.0
Nike Air Max Plus,FV1169-001,3567.0,Hombre,Lifestyle,0.0,0.0
Nike Air Max Plus,FQ2892-100,0.0,Hombre,Lifestyle,0.0,0.0
Nike Air Max Plus,FV0952-100,0.0,Hombre,Lifestyle,0.0,0.0
Nike Air Max Plus,FQ2765-100,0.0,Hombre,Lifestyle,0.0,0.0
Nike Air Max Plus,DZ3671-103,0.0,Hombre,Lifestyle,0.0,0.0
Nike Air Max Plus,DZ3671-100,0.0,Hombre,Lifestyle,0.0,0.0
Nike Air Max Plus,FN8007-500,0.0,Hombre,Lifestyle,0.0,0.0
Nike Air Max Plus,DQ0850-001,0.0,Hombre,Lifestyle,0.0,0.0
Nike Air Max Plus PRM,DZ2832-101,0.0,Hombre,Lifestyle,0.0,0.0
Nike Air Max Plus x Nike United,FB2557-200,0.0,Hombre,Lifestyle,0.0,0.0
Nike Air Max Plus,DZ3670-101,0.0,Hombre,Lifestyle,0.0,0.0
Nike Air Max TW,FB9150-001,2853.0,Hombre,Lifestyle,0.0,0.0
Nike Air Max TW Next Nature,FV0940-001,3091.0,Hombre,Lifestyle,0.0,0.0
Nike Air Max TW Next Nature,FQ2437-001,3091.0,Hombre,Lifestyle,0.0,0.0
Nike Air Max TW Next Nature,FN3409-400,3567.0,Hombre,Lifestyle,0.0,0.0
Nike Air Max TW,DQ3984-104,2853.0,Hombre,Lifestyle,0.0,0.0
Nike Air Max TW,DV7721-002,3091.0,Hombre,Lifestyle,0.0,0.0
Nike Air Max TW,DQ3984-003,3329.0,Hombre,Lifestyle,0.0,0.0
Nike Air VaporMax Plus,924453-402,2853.0,Hombre,Lifestyle,0.0,0.0
Nike Air VaporMax 2023 Flyknit,DV1678-001,3091.0,Hombre,Lifestyle,0.0,0.0
Nike Air VaporMax Plus,924453-100,3091.0,Hombre,Lifestyle,0.0,0.0
Nike Air VaporMax 2023 Flyknit,DV1678-100,3567.0,Hombre,Lifestyle,0.0,0.0
Nike Air VaporMax 2023 Flyknit,DV1678-600,2853.0,Hombre,Lifestyle,0.0,0.0
Nike Air VaporMax Moc Roam,DZ7273-001,3329.0,Hombre,Lifestyle,0.0,0.0
Nike Air VaporMax 2023 Flyknit,DV6840-002,3091.0,Hombre,Lifestyle,0.0,0.0
Nike Air VaporMax 2023 Flyknit,DV6840-101,2853.0,Hombre,Lifestyle,0.0,0.0
Nike Air VaporMax 2023 Flyknit,DV6840-200,3329.0,Hombre,Lifestyle,0.0,0.0
Nike Air VaporMax 2023 Flyknit,DV6840-102,3091.0,Hombre,Lifestyle,0.0,0.0
Nike Dunk Low Retro,DD1391-103,2853.0,Hombre,Lifestyle,0.0,0.0
Nike Dunk Low,FV0389-100,3091.0,Hombre,Lifestyle,0.0,0.0
Nike Dunk Low By You,6196629417,3091.0,Hombre,Lifestyle,0.0,0.0
Nike Dunk Low Retro Premium,DV0833-400,3567.0,Hombre,Lifestyle,0.0,0.0
Nike Dunk Low Retro,FB8895-600,2853.0,Hombre,Lifestyle,0.0,0.0
Nike Dunk Low Retro Premium,FV8106-181,3091.0,Hombre,Lifestyle,0.0,0.0
Nike Dunk Low,DZ2538-100,3329.0,Hombre,Lifestyle,0.0,0.0
Nike Dunk Low Retro,FV0384-001,2853.0,Hombre,Lifestyle,0.0,0.0
Nike Dunk Low Retro,DD1391-104,3329.0,Hombre,Lifestyle,0.0,0.0
Nike Dunk Low,FJ4227-001,3091.0,Hombre,Lifestyle,0.0,0.0
Nike Dunk Low,DV0833-100,2853.0,Mujeres,Lifestyle,0.0,0.0
Nike Dunk Low,FN7808-001,3091.0,Hombre,Lifestyle,0.0,0.0
Nike Dunk Low Unlocked By You,FN3418-100,3329.0,Hombre,Lifestyle,0.0,0.0
Nike Dunk Low SP,FN7800-400,3567.0,Hombre,Lifestyle,0.0,0.0
Nike Dunk Low,FV0395-200,2853.0,Hombre,Lifestyle,0.0,0.0
Nike Dunk Low,5925965801,3091.0,Hombre,Lifestyle,0.0,0.0
Nike Dunk Low,CU1727-100,3091.0,Hombre,Lifestyle,0.0,0.0
Nike Dunk Low,FQ2205-001,3567.0,Hombre,Lifestyle,0.0,0.0
Nike Dunk Low Retro,FQ2431-001,2853.0,Hombre,Lifestyle,0.0,0.0
Nike Dunk Low,FN6881-100,3091.0,Hombre,Lifestyle,0.0,0.0
Nike Dunk Low Retro,DV0833-101,3329.0,Hombre,Lifestyle,0.0,0.0
Nike Dunk Low,FD6923-100,2853.0,Hombre,Lifestyle,0.0,0.0
Nike Dunk Low Retro,DJ6188-101,3329.0,Hombre,Lifestyle,0.0,0.0
Nike Air Dunk Jumbo,FJ5429-133,3091.0,Hombre,Lifestyle,0.0,0.0
Nike Dunk Low,DD1503-120,2853.0,Hombre,Lifestyle,0.0,0.0
Nike Dunk Low LX NBHD,FB7720-002,3091.0,Hombre,Lifestyle,0.0,0.0
Nike Dunk Low,DD1873-102,3329.0,Hombre,Lifestyle,0.0,0.0
Nike Dunk Low,DD1503-101,3567.0,Hombre,Lifestyle,0.0,0.0
Nike Dunk Low Premium,FN7197-100,2853.0,Hombre,Lifestyle,0.0,0.0
Nike Dunk Low Twist,DZ2794-102,3091.0,Hombre,Lifestyle,0.0,0.0
Nike Dunk Low By You,6327863430,3091.0,Hombre,Lifestyle,0.0,0.0
Nike Dunk Low Unlocked By You,5527386013,3567.0,Hombre,Lifestyle,0.0,0.0
Nike Dunk Low,FN7773-001,2853.0,Hombre,Lifestyle,0.0,0.0
Nike Dunk High,DD1869-401,3329.0,Hombre,Lifestyle,0.0,0.0
Nike Dunk Low Retro,DD1391-100,2853.0,Hombre,Lifestyle,0.0,0.0
Nike Dunk Low Premium,FQ8899-100,3091.0,Hombre,Lifestyle,0.0,0.0
Nike Dunk Low Premium,FQ8148-010,3091.0,Hombre,Lifestyle,0.0,0.0
Nike Dunk Low x Parris Goebel,FN2721-600,2853.0,Hombre,Lifestyle,0.0,0.0
Nike Dunk Low SE,FQ8147-104,3091.0,Hombre,Lifestyle,0.0,0.0
Nike Dunk Low Twist,DZ2794-700,3329.0,Mujeres,Lifestyle,0.0,0.0
Nike Dunk High By You,6816895236,3567.0,Hombre,Lifestyle,0.0,0.0
Nike Dunk High LX,DX3452-700,2853.0,Hombre,Lifestyle,0.0,0.0
Nike Dunk High By You,4172201692,3091.0,Hombre,Lifestyle,0.0,0.0
Nike Dunk High Unlocked By You,3715977258,3329.0,Hombre,Lifestyle,0.0,0.0
Nike Dunk High Warped Unlocked By You,7296266473,3091.0,Hombre,Lifestyle,0.0,0.0
Nike Blazer Low '77 Vintage,DA6364-101,2853.0,Hombre,Lifestyle,0.0,0.0
Nike Blazer Mid '77 Vintage,BQ6806-100,3091.0,Hombre,Lifestyle,0.0,0.0
Nike Blazer Mid '77 By You,8531693031,3091.0,Hombre,Lifestyle,0.0,0.0
Nike Blazer Low '77 By You,8503720255,3567.0,Hombre,Lifestyle,0.0,0.0
Nike Blazer Phantom Mid,DX5800-001,2853.0,Hombre,Lifestyle,0.0,0.0
Nike Blazer Mid '77,FN6877-100,3091.0,Hombre,Lifestyle,0.0,0.0
Nike x sacai Blazer Low,DD1877-002,3329.0,Hombre,Lifestyle,0.0,0.0
Nike SB Zoom Blazer Mid,864349-002,2853.0,Hombre,Lifestyle,0.0,0.0
Nike SB Zoom Blazer Low Pro GT,DC7695-002,3329.0,Hombre,Lifestyle,0.0,0.0
Nike Blazer Mid Pro Club,DQ7673-100,3091.0,Hombre,Lifestyle,0.0,0.0
Nike Blazer Low '77 Jumbo,DN2158-101,2853.0,Mujeres,Lifestyle,0.0,0.0
Nike Blazer Mid '77 Vintage,BQ6806-124,3091.0,Hombre,Lifestyle,0.0,0.0
Nike Blazer Low Leather,CW7585-100,3329.0,Hombre,Lifestyle,0.0,0.0
Nike Blazer Mid '77 Jumbo,DD3111-100,3567.0,Hombre,Lifestyle,0.0,0.0
Nike x sacai Blazer Low,DD1877-200,2853.0,Hombre,Lifestyle,0.0,0.0
Nike Blazer Mid '77,FJ4827-100,3091.0,Hombre,Lifestyle,0.0,0.0
Nike Blazer Mid '77,FN7809-100,3091.0,Hombre,Lifestyle,0.0,0.0
Nike Blazer Mid '77,CZ1055-125,3567.0,Hombre,Lifestyle,0.0,0.0
Nike Blazer Low Platform,DJ0292-103,2853.0,Hombre,Lifestyle,0.0,0.0
Nike Blazer Mid '77 By You,DR2948-100,3091.0,Hombre,Lifestyle,0.0,0.0
Nike Blazer Mid '77 Vintage,2319875403,3329.0,Hombre,Lifestyle,0.0,0.0
Nike Blazer Low '77 Jumbo,DV7006-400,2853.0,Hombre,Lifestyle,0.0,0.0
Nike Blazer Low '77,DQ1470-106,3329.0,Hombre,Lifestyle,0.0,0.0
Nike Blazer Mid Victory,DC4769-102,3091.0,Hombre,Lifestyle,0.0,0.0
Nike Blazer Mid '77 Premium,FQ8173-104,2853.0,Hombre,Lifestyle,0.0,0.0
Nike SB Zoom Blazer Mid,3824793890,3329.0,Hombre,Lifestyle,0.0,0.0
Air Jordan 1 Retro High OG,DZ5485-051,2853.0,Hombre,Lifestyle,0.0,0.0
Air Jordan 1 Retro High OG Craft,FD8631-100,3091.0,Hombre,Lifestyle,0.0,0.0
Air Jordan 1 Retro High OG,DZ5485-105,3091.0,Hombre,Lifestyle,0.0,0.0
Air Jordan 1 Zoom CMFT 2,DV1307-101,3567.0,Hombre,Lifestyle,0.0,0.0
Air Jordan 1 Zoom CMFT 2,DV1307-184,2853.0,Hombre,Lifestyle,0.0,0.0
Air Jordan 1 Hi FlyEase,CQ3835-106,3091.0,Hombre,Sports,0.0,0.0
Air Jordan 1 Zoom CMFT 2,DV1307-180,3329.0,Hombre,Lifestyle,0.0,0.0
Air Jordan 1 Zoom CMFT 2,DV1307-014,2853.0,Hombre,Lifestyle,0.0,0.0
Air Jordan 1 Zoom CMFT 2,DV1307-205,3329.0,Hombre,Lifestyle,0.0,0.0
Air Jordan 1 Zoom CMFT 2,DV1307-107,3091.0,Hombre,Lifestyle,0.0,0.0
Air Jordan 1 Zoom CMFT 2,DV1307-100,2853.0,Hombre,Lifestyle,0.0,0.0
Air Jordan 1 Hi FlyEase,CQ3835-051,3091.0,Hombre,Sports,0.0,0.0
Air Jordan 1 Retro High OG,FN6622-201,3329.0,Hombre,Lifestyle,0.0,0.0
Air Jordan 1 Zoom CMFT 2,DJ4891-061,3567.0,Hombre,Lifestyle,0.0,0.0
Air Jordan 1 Retro High OG,DV1305-001,2853.0,Hombre,Lifestyle,0.0,0.0
Air Jordan 1 Elevate High,FD4810-061,3091.0,Mujeres,Lifestyle,0.0,0.0
Air Jordan 1 Zoom CMFT 2,DN3253-061,3091.0,Hombre,Lifestyle,0.0,0.0
Air Jordan 1 Retro High OG,FB9891-100,3567.0,Hombre,Lifestyle,0.0,0.0
Air Jordan 1 Elevate High,DO9369-101,2853.0,Hombre,Lifestyle,0.0,0.0
Air Jordan 1 Retro High OG,CT0979-500,3091.0,Hombre,Lifestyle,0.0,0.0
Air Jordan 1 Elevate High SE,DV1305-104,3329.0,Hombre,Lifestyle,0.0,0.0
Air Jordan 1 Zoom Air Comfort,DN3253-401,2853.0,Hombre,Lifestyle,0.0,0.0
Air Jordan 1 High MM,DZ3744-100,3329.0,Hombre,Lifestyle,0.0,0.0
Air Jordan 1 Acclimate,DC7723-401,3091.0,Hombre,Lifestyle,0.0,0.0
"Air Jordan 1 Zoom CMFT 2 ""Valentines Day""",DV1304-106,2853.0,Hombre,Lifestyle,0.0,0.0
Air Jordan 1 Elevate x UNION x Bephies Beauty Supply,FD0696-100,3091.0,Hombre,Lifestyle,0.0,0.0
Air Jordan 1 Mid SE,FQ8338-017,2853.0,Hombre,Lifestyle,0.0,0.0
Air Jordan 1 Mid SE,FB9911-001,3091.0,Hombre,Lifestyle,0.0,0.0
Air Jordan 1 Mid,DQ8426-301,3091.0,Hombre,Lifestyle,45.0,61.0
Air Jordan 1 Mid SE Craft,DZ4136-002,3567.0,Hombre,Lifestyle,0.0,0.0
Air Jordan 1 Mid,DQ8426-106,2853.0,Hombre,Lifestyle,45.0,61.0
Air Jordan 4 Retro,DH6927-161,3091.0,Hombre,Lifestyle,0.0,0.0
Air Jordan 1 Mid SE,DX4332-800,3329.0,Hombre,Lifestyle,0.0,0.0
Air Jordan 1 Mid,DQ8426-401,2853.0,Hombre,Lifestyle,45.0,61.0
Jumpman MVP,DZ4475-041,3329.0,Hombre,Lifestyle,0.0,0.0
Air Jordan 1 Zoom CMFT,CT0978-203,3091.0,Hombre,Lifestyle,0.0,0.0
Jordan Stay Loyal 2,DQ8401-106,2853.0,Hombre,Lifestyle,0.0,0.0
Air Jordan 12 Retro,CT8013-116,3091.0,Hombre,Lifestyle,45.0,24.0
Jordan Max Aura 5,DZ4353-007,3329.0,Hombre,Lifestyle,0.0,0.0
Air Jordan 1 Mid,DQ8426-515,3567.0,Hombre,Lifestyle,45.0,61.0
Air Jordan 6 Retro,CT8529-141,2853.0,Hombre,Lifestyle,0.0,0.0
Jumpman Two Trey,DO1925-003,3091.0,Mujeres,Lifestyle,0.0,0.0
Jumpman MVP,DZ4475-168,3091.0,Hombre,Lifestyle,0.0,0.0
Jordan Winterized 6 Rings,FV3826-202,3567.0,Hombre,Sports,0.0,0.0
Air Jordan 5 Retro SE,DZ4131-600,2853.0,Hombre,Lifestyle,0.0,0.0
Jordan Series Mid,DA8026-400,3091.0,Hombre,Lifestyle,0.0,0.0
Air Jordan 3 Retro SE,DR8869-200,3329.0,Hombre,Lifestyle,0.0,0.0
Air Jordan 2 Retro,DR8884-001,2853.0,Hombre,Lifestyle,0.0,0.0
Jordan 6 Rings,322992-064,3329.0,Hombre,Sports,0.0,0.0
Air Jordan 2 Retro SP,DO5254-180,3091.0,Hombre,Lifestyle,0.0,0.0
Air Jordan 1 Mid SE,DV0427-100,2853.0,Hombre,Lifestyle,0.0,0.0
Air Jordan 4 Retro,DV0991-111,3091.0,Hombre,Lifestyle,0.0,0.0
Air Jordan 1 Mid,AQ9129-001,3329.0,Hombre,Lifestyle,45.0,61.0
Air Jordan 1 Mid SE,FB9892-670,3567.0,Hombre,Lifestyle,0.0,0.0
Air Jordan 1 Mid,BQ6472-103,0.0,Hombre,Lifestyle,45.0,61.0
Air Jordan 1 Mid,BQ6472-504,0.0,Hombre,Lifestyle,45.0,61.0
Air Jordan 1 Mid,AQ9129-500,0.0,Hombre,Lifestyle,45.0,61.0
Air Jordan 4 Retro,BQ6472-060,0.0,Hombre,Lifestyle,0.0,0.0
Jumpman MVP,DV0427-102,0.0,Hombre,Lifestyle,0.0,0.0
Air Jordan 1 Mid,BQ6472-061,0.0,Hombre,Lifestyle,45.0,61.0
Air Jordan 1 Mid SE,FB9019-106,0.0,Hombre,Lifestyle,0.0,0.0
Jumpman Two Trey,FB9019-302,0.0,Hombre,Lifestyle,0.0,0.0
Jumpman MVP,BQ6472-146,0.0,Hombre,Lifestyle,0.0,0.0
Jumpman Two Trey,BQ6472-033,0.0,Hombre,Lifestyle,0.0,0.0
Air Jordan 1 Mid,CK9246-067,0.0,Hombre,Lifestyle,45.0,61.0
Air Jordan 2 Retro SE,DV0991-001,0.0,Mujeres,Lifestyle,0.0,0.0
Air Jordan 1 Mid,DR9631-003,0.0,Hombre,Lifestyle,45.0,61.0
Air Jordan 6 Retro,DR1485-168,0.0,Hombre,Lifestyle,0.0,0.0
Air Jordan 3 Retro,DR9631-201,0.0,Hombre,Lifestyle,0.0,0.0
Air Jordan 1 Mid,DQ0558-160,0.0,Hombre,Lifestyle,45.0,61.0
Air Jordan 7 Retro BBS,DQ4914-103,0.0,Hombre,Lifestyle,0.0,0.0
Air Jordan 12 x A Ma Maniére,DV6989-100,0.0,Hombre,Lifestyle,0.0,0.0
Jumpman Two Trey,DR9631-100,0.0,Hombre,Lifestyle,0.0,0.0
Air Jordan 5 Retro,DD9336-800,0.0,Hombre,Lifestyle,0.0,0.0
Air Jordan 1 Low,553558-136,2853.0,Hombre,Lifestyle,0.0,0.0
Air Jordan 1 Low SE,FB9907-001,3091.0,Hombre,Lifestyle,0.0,0.0
Air Jordan 1 Low OG,CZ0790-161,3091.0,Hombre,Lifestyle,0.0,0.0
Air Jordan 1 Low,553558-161,3567.0,Hombre,Lifestyle,0.0,0.0
Air Jordan 1 Low,553558-093,2853.0,Hombre,Lifestyle,0.0,0.0
Air Jordan 1 Low SE Craft,DZ4135-002,3091.0,Hombre,Lifestyle,0.0,0.0
Air Jordan 1 Low SE,DX4334-008,3329.0,Hombre,Lifestyle,0.0,0.0
Jordan Stadium 90,DX4397-103,2853.0,Hombre,Lifestyle,0.0,0.0
Air Jordan 1 Low,553558-041,3329.0,Hombre,Lifestyle,0.0,0.0
Air Jordan 1 Low,553558-515,3091.0,Hombre,Lifestyle,0.0,0.0
Air Jordan 1 Low Quai 54,FQ6703-100,2853.0,Mujeres,Lifestyle,0.0,0.0
Air Jordan 1 Low FlyEase,DM1206-066,3091.0,Hombre,Lifestyle,0.0,0.0
Jordan Stadium 90,DX4397-001,3329.0,Hombre,Lifestyle,0.0,0.0
Jordan Series ES,DN1856-002,3567.0,Hombre,Lifestyle,0.0,0.0
Air Jordan 6 Retro Low x PSG,DZ4133-008,2853.0,Hombre,Lifestyle,0.0,0.0
Air Jordan Legacy 312 Low,CD7069-105,3091.0,Hombre,Lifestyle,0.0,0.0
Air Jordan 5 Retro Low PSG,DX6325-204,3091.0,Hombre,Lifestyle,0.0,0.0
Jordan Delta 3 Low,DN2647-103,3567.0,Hombre,Lifestyle,0.0,0.0
Jordan Post,DX5575-001,2853.0,Hombre,Sports,0.0,0.0
Jordan Play,DC9835-005,3091.0,Hombre,Lifestyle,0.0,0.0
Air Jordan Legacy 312 Low,CD7069-116,3329.0,Hombre,Lifestyle,0.0,0.0
Air Jordan 11 Retro Low,AV2187-001,2853.0,Hombre,Lifestyle,44.0,25.0
Air Jordan Legacy 312 Low,FJ7221-101,3329.0,Hombre,Lifestyle,0.0,0.0
Jordan Series ES,DN1856-160,3091.0,Hombre,Lifestyle,0.0,0.0
Air Jordan 1 Low SE,FN3722-801,2853.0,Hombre,Lifestyle,0.0,0.0
Air Jordan 1 Elevate Low,DH7004-006,3091.0,Hombre,Lifestyle,0.0,0.0
Air Jordan 1 Low,DC0774-101,3329.0,Hombre,Lifestyle,0.0,0.0
Air Jordan 1 Low,DC0774-502,3567.0,Hombre,Lifestyle,0.0,0.0
Air Jordan 1 Low,DC0774-113,0.0,Hombre,Lifestyle,0.0,0.0
Air Jordan 1 Elevate Low,DH7004-701,0.0,Hombre,Lifestyle,0.0,0.0
Air Jordan 1 Low,DC0774-801,0.0,Hombre,Lifestyle,0.0,0.0
Air Jordan 1 Elevate Low,DH7004-109,0.0,Hombre,Lifestyle,0.0,0.0
Jordan Stadium 90,FV3624-151,0.0,Hombre,Lifestyle,0.0,0.0
Jordan Stadium 90,FB2269-102,0.0,Hombre,Lifestyle,0.0,0.0
Air Jordan 1 Low OG,CZ0775-001,0.0,Hombre,Lifestyle,0.0,0.0
Air Jordan 1 Low SE,DV0426-200,0.0,Hombre,Lifestyle,0.0,0.0
Air Jordan 5 Retro Low,DA8016-806,0.0,Hombre,Lifestyle,0.0,0.0
Jordan Hex Mule,DX6405-200,0.0,Hombre,Lifestyle,0.0,0.0
Air Jordan 1 Elevate Low SE,FD9100-801,0.0,Hombre,Lifestyle,0.0,0.0
Jordan Series,DN1857-400,0.0,Mujeres,Sports,0.0,0.0
Air Jordan 5 Retro Low,FJ4563-500,0.0,Hombre,Lifestyle,0.0,0.0
Air Jordan 2 Retro Low,DX4401-800,0.0,Hombre,Lifestyle,0.0,0.0
Jordan Delta 3 Low,FB9829-100,0.0,Hombre,Lifestyle,0.0,0.0
Jordan Series,DN1857-800,0.0,Hombre,Sports,0.0,0.0
Jordan Series,DN1857-101,0.0,Hombre,Sports,0.0,0.0
Jordan Delta 3 Low SE,DX6723-600,0.0,Hombre,Lifestyle,0.0,0.0
Jordan Hex Mule,DQ8337-001,0.0,Hombre,Lifestyle,0.0,0.0
Jordan Hex Mule,DX6405-600,0.0,Hombre,Lifestyle,0.0,0.0
Nike Vomero 5,BV1358-001,2853.0,Hombre,Lifestyle,0.0,0.0
Nike Zoom Vomero 5,FN3420-200,3091.0,Hombre,Lifestyle,0.0,0.0
Nike Zoom Vomero 5 Premium,FD0533-010,3567.0,Hombre,Lifestyle,0.0,0.0
Nike Vomero 5,FN7778-600,2853.0,Hombre,Lifestyle,0.0,0.0
Nike Zoom Vomero 5,FJ4738-300,3091.0,Hombre,Lifestyle,0.0,0.0
LeBron NXXT Gen,DR8784-004,2853.0,Hombre,Sports,0.0,0.0
"LeBron XX x Mimi Plange ""Ceremony""",FJ0725-801,3091.0,Hombre,Sports,0.0,0.0
LeBron Witness 8,FB2239-101,3091.0,Hombre,Sports,0.0,0.0
"LeBron XXI ""Freshwater""",FV2345-500,3567.0,Hombre,Sports,0.0,0.0
LeBron NXXT Gen,DR8784-400,2853.0,Hombre,Sports,0.0,0.0
LeBron Witness 7,DM1123-100,3329.0,Hombre,Sports,0.0,0.0
LeBron Witness 8 x FaZe Clan,FV0400-001,2853.0,Hombre,Sports,0.0,0.0
KD16,DV2917-803,2853.0,Hombre,Sports,0.0,0.0
KD16,DV2917-401,3091.0,Hombre,Sports,0.0,0.0
KD16 NRG,FN4929-600,3091.0,Hombre,Sports,0.0,0.0
KD16 By You,4909692248,3567.0,Hombre,Sports,0.0,0.0
Giannis Immortality 3,DZ7533-301,2853.0,Hombre,Sports,0.0,0.0
Freak 5,DX4985-300,3091.0,Hombre,Sports,0.0,0.0
Freak 5 By You,8156204856,3091.0,Hombre,Sports,0.0,0.0
"Giannis Inmortalidad 3 ""Made In Sepolia""",DZ7533-003,3567.0,Hombre,Lifestyle,0.0,0.0
Giannis Immortality 3,DZ7533-001,2853.0,Hombre,Sports,0.0,0.0
Giannis Immortality 3,DZ7533-200,3091.0,Hombre,Sports,0.0,0.0
Freak 5 “Loyalty”,DZ2944-600,2853.0,Hombre,Lifestyle,0.0,0.0
Giannis Immortality 3,DZ7533-600,3329.0,Hombre,Sports,0.0,0.0
"Sabrina 1 ""Grounded""",FQ3381-002,2853.0,Hombre,Sports,0.0,0.0
Sabrina 1 By You,2509937423,3091.0,Hombre,Sports,0.0,0.0
Sabrina 1 By Sabrina,6083864818,3091.0,Hombre,Sports,0.0,0.0
"JA 1 ""Day One""",DR8785-802,2853.0,Hombre,Sports,0.0,0.0
"Ja 1 ""Wet Cement""",DR8785-100,3091.0,Hombre,Sports,0.0,0.0
"Ja 1 ""Fuel""",DR8785-800,3091.0,Hombre,Sports,0.0,0.0
Jordan One Take 4,DO7193-100,2853.0,Hombre,Sports,0.0,0.0
Jordan Why Not .6,DO7189-400,3091.0,Hombre,Sports,0.0,0.0
Jordan Why Not .6,DO7189-101,3091.0,Hombre,Sports,0.0,0.0
"Jordan Why Not .6 ""Tennis""",DO7189-700,3567.0,Hombre,Sports,0.0,0.0
Jordan Why Not .6 x Honor The Gift®,DX1692-001,2853.0,Hombre,Sports,0.0,0.0
Jordan One Take 4,DZ3338-106,3329.0,Hombre,Sports,0.0,0.0
Jordan One Take 4,DO7193-003,2853.0,Hombre,Sports,0.0,0.0
Jordan One Take 4,DO7193-061,3091.0,Hombre,Sports,0.0,0.0
Jordan Stay Loyal 3,DQ4122-007,2853.0,Hombre,Lifestyle,0.0,0.0
"Luka 2 ""Luk.AI""",CZ2650-002,3091.0,Hombre,Sports,0.0,0.0
"Tatum 1 ""St. Louis""",FB1396-006,3091.0,Hombre,Sports,0.0,0.0
Luka 2,DO7193-400,3567.0,Hombre,Sports,0.0,0.0
Air Jordan XXXVII Low,DX8733-001,3091.0,Hombre,Lifestyle,0.0,0.0
Stay Loyal 3,DO9073-506,3329.0,Hombre,Lifestyle,0.0,0.0
Air Jordan Legacy 312,DO7189-071,2853.0,Hombre,Sports,0.0,0.0
"Air Jordan XXXVIII ""Fundamental""",DQ8398-006,3329.0,Hombre,Sports,0.0,0.0
Jordan One Take 4,DV3142-367,3091.0,Hombre,Sports,0.0,0.0
Jordan One Take 4,DN1772-676,2853.0,Hombre,Sports,0.0,0.0
Air Jordan XXXVI,DZ3356-106,3329.0,Hombre,Sports,0.0,0.0
Jordan Stay Loyal 3,DX5359-100,3567.0,Hombre,Lifestyle,0.0,0.0
Air Jordan XXXVIII,FV3625-181,0.0,Hombre,Sports,0.0,0.0
Luka 1,DZ3498-005,0.0,Hombre,Sports,0.0,0.0
"Tatum 1 ""Zoo""",DZ3356-500,0.0,Hombre,Sports,0.0,0.0
Luka 1,DN1772-108,0.0,Hombre,Sports,0.0,0.0
Luka 1,DO7191-460,0.0,Hombre,Sports,0.0,0.0
"Tatum 1 ""Home Team""",DX5572-001,0.0,Hombre,Sports,0.0,0.0
Jordan Stay Loyal 2,DQ6513-106,0.0,Hombre,Lifestyle,0.0,0.0
"Luka 2 ""Lake Bled""",DX9013-400,0.0,Hombre,Sports,0.0,0.0
